"insurance_id","current_vehicle_id","matching_vehicle_id","insurance_client_id","vehicle_client_id","insurance_vehicle_name","vehicle_details"
1,11,11,6,6,"Toyota Hiace Delivery Van","{""1780558055797"": ""ASAS"", ""1780558087395"": ""A 45821"", ""1780558116994"": ""Sharjah"", ""1780558150210"": ""Van"", ""1780558477835"": ""Toyota"", ""1780558496829"": ""Hiace"", ""1780558530275"": ""2024"", ""1780558545388"": ""White "", ""1780558553581"": ""3"", ""1780558570604"": ""JTFSX22P4R6123456"", ""1780558584117"": ""2GD-FTV-784521"", ""1780558596508"": ""Diesel"", ""1780558647429"": ""18,450 km"", ""1780558662383"": ""Active"", ""1780558751700"": ""Company-owned delivery van used for warehouse transfers and customer deliveries across Dubai and Sharjah. The vehicle is in good condition, regularly serviced, and has no reported mechanical issues."", ""1780558935557"": ""Toyota Hiace Delivery Van""}"
2,NULL,20,19,19,"Empow - SHJ 2 97329","{""1780558055797"": ""ASAS Gen Tr LLC"", ""1780558087395"": ""SHJ 2 97329"", ""1780558116994"": ""Sharjah"", ""1780558150210"": ""Car"", ""1780558477835"": ""GAC"", ""1780558530275"": ""2025"", ""1780558545388"": ""Black"", ""1780558553581"": ""5"", ""1780558570604"": ""LMGBB1L85S3120849"", ""1780558584117"": ""K358773"", ""1780558596508"": ""Petrol"", ""1780558662383"": ""Active"", ""1780558935557"": ""Empow""}"
3,NULL,22,19,19,"Navigator - SHJ 3 6567","{""1780558055797"": ""ASAS Gen Tr LLC"", ""1780558087395"": ""SHJ 3 6567"", ""1780558116994"": ""Sharjah"", ""1780558150210"": ""Car"", ""1780558477835"": ""Lincoln"", ""1780558530275"": ""2019"", ""1780558545388"": ""Brown"", ""1780558553581"": ""7"", ""1780558570604"": ""5LMJJ2TT3KEL13738"", ""1780558584117"": ""KEL13738"", ""1780558596508"": ""Petrol"", ""1780558662383"": ""Active"", ""1780558935557"": ""Navigator""}"
4,14,15,19,19,"Raize","{""1780558055797"": ""ASAS Gen Tr LLC"", ""1780558087395"": ""SHJ 2 21772"", ""1780558116994"": ""Sharjah"", ""1780558150210"": ""Car"", ""1780558477835"": ""Toyota"", ""1780558496829"": """", ""1780558530275"": ""2023"", ""1780558545388"": ""White/Black"", ""1780558553581"": ""5"", ""1780558570604"": ""MHKAA1BA0PJ082254"", ""1780558584117"": ""1KRA774238"", ""1780558596508"": ""Petrol"", ""1780558662383"": ""Active"", ""1780558935557"": ""Raize""}"
4,14,14,19,19,"Raize","{""1780558055797"": ""ASAS Gen Tr LLC"", ""1780558087395"": ""SHJ 2 21772"", ""1780558116994"": ""Sharjah"", ""1780558150210"": ""Car"", ""1780558477835"": ""Toyota"", ""1780558496829"": ""2023"", ""1780558530275"": ""2023"", ""1780558545388"": ""White/Black"", ""1780558553581"": ""5"", ""1780558570604"": ""MHKAA1BA0PJ082254"", ""1780558584117"": ""1KRA774238"", ""1780558596508"": ""Petrol"", ""1780558662383"": ""Active"", ""1780558935557"": ""Raize""}"
5,NULL,16,19,19,"Accord -  SHJ 2 64543","{""1780558055797"": ""ASAS Gen Tr LLC"", ""1780558087395"": "" SHJ 2 64543"", ""1780558116994"": ""Sharjah"", ""1780558150210"": ""Car"", ""1780558477835"": ""Honda"", ""1780558530275"": ""2025"", ""1780558545388"": ""Black"", ""1780558553581"": ""5"", ""1780558570604"": ""1HGCY2691SA600290"", ""1780558584117"": ""LFC51394663"", ""1780558596508"": ""Petrol"", ""1780558662383"": ""Active"", ""1780558935557"": ""Accord""}"
6,NULL,17,19,19,"Prado - SHJ 2 93557","{""1780558055797"": ""ASAS Gen Tr LLC"", ""1780558087395"": ""SHJ 2 93557"", ""1780558116994"": ""Sharjah"", ""1780558150210"": ""Car"", ""1780558477835"": ""Toyota"", ""1780558530275"": ""2021"", ""1780558545388"": ""White/Pearls"", ""1780558553581"": ""7"", ""1780558570604"": ""JTEBU3FJ9MK198436"", ""1780558584117"": ""1GRC264860"", ""1780558596508"": ""Petrol"", ""1780558662383"": ""Active"", ""1780558935557"": ""Prado""}"
7,NULL,18,19,19,"Rush - SHJ 1 64721","{""1780558055797"": ""ASAS Gen Tr LLC"", ""1780558087395"": ""SHJ 1 64721"", ""1780558116994"": ""Sharjah"", ""1780558150210"": ""Car"", ""1780558477835"": ""Toyota"", ""1780558530275"": ""2023"", ""1780558545388"": ""White"", ""1780558553581"": ""7"", ""1780558570604"": ""MHKEF8BF3PK037567"", ""1780558584117"": ""2NRG926798"", ""1780558596508"": ""Petrol"", ""1780558662383"": ""Active"", ""1780558935557"": ""Rush""}"
8,NULL,19,19,19,"Corolla - SHJ 1 98602","{""1780558055797"": ""ASAS Gen Tr LLC"", ""1780558087395"": ""SHJ 1 98602"", ""1780558116994"": ""Sharjah"", ""1780558150210"": ""Car"", ""1780558477835"": ""Toyota"", ""1780558530275"": ""2022"", ""1780558545388"": ""Gray"", ""1780558553581"": ""5"", ""1780558570604"": ""RKLBB0BE1N0041923"", ""1780558584117"": ""1ZRY829666"", ""1780558596508"": ""Petrol"", ""1780558662383"": ""Active"", ""1780558935557"": ""Corolla""}"
9,NULL,23,19,19,"Master - SHJ 1 64675","{""1780558055797"": ""ASAS Gen Tr LLC"", ""1780558087395"": ""SHJ 1 64675"", ""1780558116994"": ""Sharjah"", ""1780558150210"": ""Van"", ""1780558477835"": ""Toyota"", ""1780558530275"": ""2025"", ""1780558545388"": ""White"", ""1780558553581"": ""3"", ""1780558570604"": ""VF1F6RCK8SB097562VF1F6RCK8SB097562"", ""1780558584117"": ""C011921"", ""1780558596508"": ""Petrol"", ""1780558662383"": ""Active"", ""1780558935557"": ""Master""}"
10,NULL,21,19,19,"Coleus - SHJ 3 38659","{""1780558055797"": ""ASAS Gen Tr LLC"", ""1780558087395"": ""SHJ 3 38659"", ""1780558116994"": ""Sharjah"", ""1780558150210"": ""Car"", ""1780558477835"": ""Renault"", ""1780558530275"": ""2025"", ""1780558545388"": ""Gray"", ""1780558553581"": ""5"", ""1780558570604"": ""VF1HGRNB9SC407845"", ""1780558584117"": ""F088173"", ""1780558596508"": ""Petrol"", ""1780558662383"": ""Active"", ""1780558935557"": ""Coleus""}"
11,NULL,25,19,19,"Urvan - SHJ 3 23687","{""1780558055797"": ""ASAS Gen Tr LLC"", ""1780558087395"": ""SHJ 3 23687"", ""1780558116994"": ""Sharjah"", ""1780558150210"": ""Van"", ""1780558477835"": ""Nissan"", ""1780558530275"": ""2019"", ""1780558545388"": ""White"", ""1780558553581"": ""3"", ""1780558570604"": ""JN6BE6AS3K9030604"", ""1780558584117"": ""QR25705775Q"", ""1780558596508"": ""Petrol"", ""1780558662383"": ""Active"", ""1780558935557"": ""Urvan""}"
12,NULL,28,19,19,"Ashok Leyland - DXB FF 86606","{""1780558055797"": ""Bynur Agro Trading LLC"", ""1780558087395"": ""DXB FF 86606"", ""1780558116994"": ""Dubai"", ""1780558150210"": ""Truck"", ""1780558477835"": ""Ashok Leyland"", ""1780558530275"": ""2026"", ""1780558545388"": ""White"", ""1780558553581"": ""3"", ""1780558570604"": ""RA5AG34L7TU1D6583"", ""1780558584117"": ""JSH503675P"", ""1780558596508"": ""Diesel"", ""1780558662383"": ""Active"", ""1780558935557"": ""Ashok Leyland""}"
13,NULL,27,19,19,"Hiace  - SHJ 1 46249","{""1780558055797"": ""ASAS Gen Tr LLC"", ""1780558087395"": ""SHJ 1 46249"", ""1780558116994"": ""Sharjah"", ""1780558150210"": ""Van"", ""1780558477835"": ""Toyota"", ""1780558530275"": ""2017"", ""1780558545388"": ""White"", ""1780558553581"": ""3"", ""1780558570604"": ""JTFPX22P9H0077744"", ""1780558584117"": ""2TR9130445"", ""1780558596508"": ""Petrol"", ""1780558662383"": ""Active"", ""1780558935557"": ""Hiace ""}"
13,NULL,24,19,19,"Hiace  - SHJ 1 46249","{""1780558055797"": ""ASAS Gen Tr LLC"", ""1780558087395"": ""SHJ 1 75819"", ""1780558116994"": ""Sharjah"", ""1780558150210"": ""Van"", ""1780558477835"": ""Toyota"", ""1780558530275"": ""2025"", ""1780558545388"": ""White"", ""1780558553581"": ""3"", ""1780558570604"": ""JTFLMFCP0S6011617"", ""1780558584117"": ""N187202"", ""1780558596508"": ""Diesel"", ""1780558662383"": ""Active"", ""1780558935557"": ""Hiace""}"
13,NULL,31,19,19,"Hiace  - SHJ 1 46249","{""1780558055797"": ""Bynur Agro Trading LLC"", ""1780558087395"": ""DXB BB 15470"", ""1780558116994"": ""Dubai"", ""1780558150210"": ""Van"", ""1780558477835"": ""Toyota"", ""1780558530275"": ""2025"", ""1780558545388"": ""White"", ""1780558553581"": ""3"", ""1780558570604"": ""JTFLMFCP9S6013141"", ""1780558584117"": ""N194174"", ""1780558596508"": ""Petrol"", ""1780558662383"": ""Active"", ""1780558935557"": ""Toyota HIACE""}"
14,NULL,31,19,19,"Hiace - SHJ 1 75819","{""1780558055797"": ""Bynur Agro Trading LLC"", ""1780558087395"": ""DXB BB 15470"", ""1780558116994"": ""Dubai"", ""1780558150210"": ""Van"", ""1780558477835"": ""Toyota"", ""1780558530275"": ""2025"", ""1780558545388"": ""White"", ""1780558553581"": ""3"", ""1780558570604"": ""JTFLMFCP9S6013141"", ""1780558584117"": ""N194174"", ""1780558596508"": ""Petrol"", ""1780558662383"": ""Active"", ""1780558935557"": ""Toyota HIACE""}"
14,NULL,24,19,19,"Hiace - SHJ 1 75819","{""1780558055797"": ""ASAS Gen Tr LLC"", ""1780558087395"": ""SHJ 1 75819"", ""1780558116994"": ""Sharjah"", ""1780558150210"": ""Van"", ""1780558477835"": ""Toyota"", ""1780558530275"": ""2025"", ""1780558545388"": ""White"", ""1780558553581"": ""3"", ""1780558570604"": ""JTFLMFCP0S6011617"", ""1780558584117"": ""N187202"", ""1780558596508"": ""Diesel"", ""1780558662383"": ""Active"", ""1780558935557"": ""Hiace""}"
14,NULL,27,19,19,"Hiace - SHJ 1 75819","{""1780558055797"": ""ASAS Gen Tr LLC"", ""1780558087395"": ""SHJ 1 46249"", ""1780558116994"": ""Sharjah"", ""1780558150210"": ""Van"", ""1780558477835"": ""Toyota"", ""1780558530275"": ""2017"", ""1780558545388"": ""White"", ""1780558553581"": ""3"", ""1780558570604"": ""JTFPX22P9H0077744"", ""1780558584117"": ""2TR9130445"", ""1780558596508"": ""Petrol"", ""1780558662383"": ""Active"", ""1780558935557"": ""Hiace ""}"
15,NULL,30,19,19,"Peugeot Boxer - DXB Q 59462","{""1780558055797"": ""Bynur Agro Trading LLC"", ""1780558087395"": ""DXB P 32067"", ""1780558116994"": ""Dubai"", ""1780558150210"": ""Truck"", ""1780558477835"": ""Peugeot Boxer"", ""1780558530275"": ""2025"", ""1780558545388"": ""White"", ""1780558553581"": ""3"", ""1780558570604"": ""VF3YCBTF0SMA31906"", ""1780558584117"": ""10DZ944306846"", ""1780558596508"": ""Diesel"", ""1780558662383"": ""Active"", ""1780558935557"": ""Peugeot Boxer""}"
15,NULL,29,19,19,"Peugeot Boxer - DXB Q 59462","{""1780558055797"": ""Bynur Agro Trading LLC"", ""1780558087395"": ""DXB Q 59462"", ""1780558116994"": ""Dubai"", ""1780558150210"": ""Truck"", ""1780558477835"": ""Peugeot Boxer"", ""1780558530275"": ""2025"", ""1780558545388"": ""White"", ""1780558553581"": ""3"", ""1780558570604"": ""VF3YCBTF2SMA32006"", ""1780558584117"": ""10DZ944306886"", ""1780558596508"": ""Diesel"", ""1780558662383"": ""Active"", ""1780558935557"": ""Peugeot Boxer""}"
16,NULL,29,19,19,"Peugeot Boxer - DXB P 32067","{""1780558055797"": ""Bynur Agro Trading LLC"", ""1780558087395"": ""DXB Q 59462"", ""1780558116994"": ""Dubai"", ""1780558150210"": ""Truck"", ""1780558477835"": ""Peugeot Boxer"", ""1780558530275"": ""2025"", ""1780558545388"": ""White"", ""1780558553581"": ""3"", ""1780558570604"": ""VF3YCBTF2SMA32006"", ""1780558584117"": ""10DZ944306886"", ""1780558596508"": ""Diesel"", ""1780558662383"": ""Active"", ""1780558935557"": ""Peugeot Boxer""}"
16,NULL,30,19,19,"Peugeot Boxer - DXB P 32067","{""1780558055797"": ""Bynur Agro Trading LLC"", ""1780558087395"": ""DXB P 32067"", ""1780558116994"": ""Dubai"", ""1780558150210"": ""Truck"", ""1780558477835"": ""Peugeot Boxer"", ""1780558530275"": ""2025"", ""1780558545388"": ""White"", ""1780558553581"": ""3"", ""1780558570604"": ""VF3YCBTF0SMA31906"", ""1780558584117"": ""10DZ944306846"", ""1780558596508"": ""Diesel"", ""1780558662383"": ""Active"", ""1780558935557"": ""Peugeot Boxer""}"
17,NULL,32,19,19,"Canter - DXB FF 19546","{""1780558055797"": ""Bynur Agro Trading LLC"", ""1780558087395"": ""DXB FF 19546"", ""1780558150210"": ""Truck"", ""1780558477835"": ""Mitsubishi Canter"", ""1780558530275"": ""2026"", ""1780558545388"": ""White"", ""1780558553581"": ""3"", ""1780558570604"": ""JL6BDE6A7TK001950"", ""1780558584117"": ""4P10H02490"", ""1780558596508"": ""Diesel"", ""1780558662383"": ""Active"", ""1780558935557"": ""Canter""}"
17,NULL,35,19,19,"Canter - DXB FF 19546","{""1780558055797"": ""Bynur Agro Trading LLC"", ""1780558087395"": ""DXB FF 45071"", ""1780558116994"": ""Dubai"", ""1780558150210"": ""Truck"", ""1780558477835"": ""Mitsubishi Canter"", ""1780558530275"": ""2022"", ""1780558545388"": ""White"", ""1780558553581"": ""3"", ""1780558570604"": ""JL6BDE6ANK006964"", ""1780558584117"": ""4P10F16382"", ""1780558596508"": ""Diesel"", ""1780558662383"": ""Active"", ""1780558935557"": ""Canter""}"
18,NULL,31,19,19,"Toyota HIACE - DXB BB 15470","{""1780558055797"": ""Bynur Agro Trading LLC"", ""1780558087395"": ""DXB BB 15470"", ""1780558116994"": ""Dubai"", ""1780558150210"": ""Van"", ""1780558477835"": ""Toyota"", ""1780558530275"": ""2025"", ""1780558545388"": ""White"", ""1780558553581"": ""3"", ""1780558570604"": ""JTFLMFCP9S6013141"", ""1780558584117"": ""N194174"", ""1780558596508"": ""Petrol"", ""1780558662383"": ""Active"", ""1780558935557"": ""Toyota HIACE""}"
19,NULL,34,19,19,"Yaris - DXB EE 64913","{""1780558055797"": ""Bynur Agro Trading LLC"", ""1780558087395"": ""DXB EE 64914"", ""1780558116994"": ""Dubai"", ""1780558150210"": ""Car"", ""1780558477835"": ""Toyota"", ""1780558530275"": ""2026"", ""1780558545388"": ""Silver"", ""1780558553581"": ""5"", ""1780558570604"": ""MR2BF9C32T0077645"", ""1780558584117"": ""6039913"", ""1780558596508"": ""Petrol"", ""1780558662383"": ""Active"", ""1780558935557"": ""Yaris""}"
19,NULL,33,19,19,"Yaris - DXB EE 64913","{""1780558055797"": ""Bynur Agro Trading LLC"", ""1780558087395"": ""DXB EE 64913"", ""1780558116994"": ""Dubai"", ""1780558150210"": ""Car"", ""1780558477835"": ""Toyota"", ""1780558530275"": ""2026"", ""1780558545388"": ""Silver"", ""1780558553581"": ""5"", ""1780558570604"": ""MR2BF9C31T0085722"", ""1780558584117"": ""6086087"", ""1780558596508"": ""Petrol"", ""1780558662383"": ""Active"", ""1780558935557"": ""Yaris""}"
20,NULL,33,19,19,"Yaris - DXB EE 64914","{""1780558055797"": ""Bynur Agro Trading LLC"", ""1780558087395"": ""DXB EE 64913"", ""1780558116994"": ""Dubai"", ""1780558150210"": ""Car"", ""1780558477835"": ""Toyota"", ""1780558530275"": ""2026"", ""1780558545388"": ""Silver"", ""1780558553581"": ""5"", ""1780558570604"": ""MR2BF9C31T0085722"", ""1780558584117"": ""6086087"", ""1780558596508"": ""Petrol"", ""1780558662383"": ""Active"", ""1780558935557"": ""Yaris""}"
20,NULL,34,19,19,"Yaris - DXB EE 64914","{""1780558055797"": ""Bynur Agro Trading LLC"", ""1780558087395"": ""DXB EE 64914"", ""1780558116994"": ""Dubai"", ""1780558150210"": ""Car"", ""1780558477835"": ""Toyota"", ""1780558530275"": ""2026"", ""1780558545388"": ""Silver"", ""1780558553581"": ""5"", ""1780558570604"": ""MR2BF9C32T0077645"", ""1780558584117"": ""6039913"", ""1780558596508"": ""Petrol"", ""1780558662383"": ""Active"", ""1780558935557"": ""Yaris""}"
